condition,n,correct,accuracy
baseline,1319,57,0.043214556482183475
student_direct_ft,1319,69,0.052312357846853674
student_set_a,1319,35,0.026535253980288095
student_set_b,1319,44,0.03335860500379075
student_set_c,1319,40,0.030326004548900682
student_set_c_mix,1319,41,0.0310841546626232
