condition,n,intra_mean,intra_std,intra_min,intra_max,inter_mean,inter_std,inter_min,inter_max,info_mean,info_std,info_min,info_max
baseline,1319,0.968506273670211,0.028254244891644253,0.3143690228462219,0.9972321391105652,0.0570375383106061,0.19678709662423663,6.854534149169922e-05,0.9978647606913,-1.3277803340402854,1.0411348410107977,-9.915249824523926,3.155195713043213
student_direct_ft,1319,0.9121404300592811,0.021117054911523298,0.8520809412002563,0.9679199457168579,0.7224362979159071,0.3608940253137752,0.0012018680572509766,0.9997020715672988,1.479268549065232,1.3545030959669617,-2.776712417602539,7.684443473815918
student_set_a,1319,0.9199869025377182,0.03135394821374246,0.6192378401756287,0.9915506839752197,0.06823170671226786,0.19234065514308096,5.3882598876953125e-05,0.9953656275756657,-2.5207315937328554,1.7018102886588307,-11.50450325012207,0.24460697174072266
student_set_b,1319,0.9122238341800818,0.033616317807535656,0.029408879578113556,0.9926508069038391,0.06247328726505583,0.18468255972366937,5.3882598876953125e-05,0.9907832555472851,-2.4235046498245865,1.676565428828074,-11.50450325012207,0.3969554901123047
student_set_c,1319,0.9134030839635894,0.023857686429604997,0.8194227814674377,0.9940154552459717,0.06321206966936137,0.18273857478261898,5.5789947509765625e-05,0.9922557286918163,-2.4107503790671037,1.6852684324655027,-11.50450325012207,0.24460697174072266
student_set_c_mix,1319,0.9131221400236342,0.0229649380279407,0.8113914132118225,0.992946207523346,0.11571867474484723,0.26863326952544453,5.3882598876953125e-05,0.9991553263971582,-2.0555293601602203,1.9258356280932334,-11.50450325012207,4.6119384765625
